,train_loss,valid_loss,train_acc,valid_acc
0,2.4022725973264074,1.3911874706503775,0.49360556428090646,0.6686014064468834
1,1.670744913774995,1.3512716921781747,0.6195871662553287,0.6845630093043451
2,1.4900602431128265,1.3735141048262143,0.6574489566973301,0.6885813148822193
3,1.4028185922146807,1.4026398087521859,0.6755104330266996,0.6919299029175598
4,1.302149899890665,1.4320674829417035,0.6989566973300426,0.701752427759574
