,train_loss,valid_loss,train_acc,valid_acc
0,0.3800333555340767,0.1782881604830424,0.8905,0.9463333333333334
1,0.23912030815084775,0.1824703221321106,0.9328333333333333,0.9486666666666667
2,0.209846258888642,0.17906876234213512,0.9386666666666666,0.954
3,0.18414181981484096,0.1950098312298457,0.9485,0.9583333333333334
